state_name,abbreviation,slug,min_bi_per_person,min_bi_per_accident,min_property_damage,mandatory_pip,avg_annual_rate_usd,avg_monthly_rate_usd,insurance_dept_url,benchmark_source
"Alabama",AL,alabama,25000,50000,25000,No,1850.00,154.17,"https://www.doi.alabama.gov/","https://autoinsure.online/state/alabama"
"Alaska",AK,alaska,50000,100000,25000,No,1720.00,143.33,"https://www.commerce.alaska.gov/web/ins/","https://autoinsure.online/state/alaska"
"Arizona",AZ,arizona,25000,50000,15000,No,1980.00,165.00,"https://difi.az.gov/","https://autoinsure.online/state/arizona"
"Arkansas",AR,arkansas,25000,50000,25000,No,1820.00,151.67,"https://insurance.arkansas.gov/","https://autoinsure.online/state/arkansas"
"California",CA,california,15000,30000,5000,No,2190.00,182.50,"https://www.insurance.ca.gov/","https://autoinsure.online/state/california"
"Colorado",CO,colorado,25000,50000,15000,No,2380.00,198.33,"https://doi.colorado.gov/","https://autoinsure.online/state/colorado"
"Connecticut",CT,connecticut,25000,50000,25000,No,2050.00,170.83,"https://portal.ct.gov/cid","https://autoinsure.online/state/connecticut"
"Delaware",DE,delaware,25000,50000,10000,Yes ($15,000),2320.00,193.33,"https://insurance.delaware.gov/","https://autoinsure.online/state/delaware"
"Florida",FL,florida,10000,20000,10000,Yes ($10,000),3180.00,265.00,"https://www.floir.com/","https://autoinsure.online/state/florida"
"Georgia",GA,georgia,25000,50000,25000,No,2150.00,179.17,"https://oci.georgia.gov/","https://autoinsure.online/state/georgia"
"Hawaii",HI,hawaii,20000,40000,10000,Yes ($10,000),1540.00,128.33,"https://cca.hawaii.gov/ins/","https://autoinsure.online/state/hawaii"
"Idaho",ID,idaho,25000,50000,15000,No,1390.00,115.83,"https://doi.idaho.gov/","https://autoinsure.online/state/idaho"
"Illinois",IL,illinois,25000,50000,20000,No,1780.00,148.33,"https://idoi.illinois.gov/","https://autoinsure.online/state/illinois"
"Indiana",IN,indiana,25000,50000,25000,No,1510.00,125.83,"https://www.in.gov/idoi/","https://autoinsure.online/state/indiana"
"Iowa",IA,iowa,20000,40000,15000,No,1420.00,118.33,"https://iid.iowa.gov/","https://autoinsure.online/state/iowa"
"Kansas",KS,kansas,25000,50000,25000,Yes ($4,500),1890.00,157.50,"https://insurance.kansas.gov/","https://autoinsure.online/state/kansas"
"Kentucky",KY,kentucky,25000,50000,25000,Yes ($10,000),2450.00,204.17,"https://insurance.ky.gov/","https://autoinsure.online/state/kentucky"
"Louisiana",LA,louisiana,15000,30000,25000,No,3020.00,251.67,"https://ldi.la.gov/","https://autoinsure.online/state/louisiana"
"Maine",ME,maine,50000,100000,25000,No,1280.00,106.67,"https://www.maine.gov/pfr/insurance/","https://autoinsure.online/state/maine"
"Maryland",MD,maryland,30000,60000,15000,Yes ($2,500),2120.00,176.67,"https://insurance.maryland.gov/","https://autoinsure.online/state/maryland"
"Massachusetts",MA,massachusetts,20000,40000,5000,Yes ($8,000),1650.00,137.50,"https://www.mass.gov/orgs/division-of-insurance","https://autoinsure.online/state/massachusetts"
"Michigan",MI,michigan,50000,100000,10000,Yes ($250,000),3450.00,287.50,"https://www.michigan.gov/difs","https://autoinsure.online/state/michigan"
"Minnesota",MN,minnesota,30000,60000,10000,Yes ($40,000),1880.00,156.67,"https://mn.gov/commerce/insurance/","https://autoinsure.online/state/minnesota"
"Mississippi",MS,mississippi,25000,50000,25000,No,1920.00,160.00,"https://www.mid.ms.gov/","https://autoinsure.online/state/mississippi"
"Missouri",MO,missouri,25000,50000,25000,No,1950.00,162.50,"https://insurance.mo.gov/","https://autoinsure.online/state/missouri"
"Montana",MT,montana,25000,50000,20000,No,1860.00,155.00,"https://csimt.gov/","https://autoinsure.online/state/montana"
"Nebraska",NE,nebraska,25000,50000,25000,No,1720.00,143.33,"https://doi.nebraska.gov/","https://autoinsure.online/state/nebraska"
"Nevada",NV,nevada,25000,50000,20000,No,2540.00,211.67,"https://doi.nv.gov/","https://autoinsure.online/state/nevada"
"New Hampshire",NH,new-hampshire,25000,50000,25000,No,1380.00,115.00,"https://www.insurance.nh.gov/","https://autoinsure.online/state/new-hampshire"
"New Jersey",NJ,new-jersey,25000,50000,25000,Yes ($15,000),2280.00,190.00,"https://www.state.nj.us/dobi/","https://autoinsure.online/state/new-jersey"
"New Mexico",NM,new-mexico,25000,50000,10000,No,1790.00,149.17,"https://www.osi.state.nm.us/","https://autoinsure.online/state/new-mexico"
"New York",NY,new-york,25000,50000,10000,Yes ($50,000),2850.00,237.50,"https://www.dfs.ny.gov/insurance","https://autoinsure.online/state/new-york"
"North Carolina",NC,north-carolina,30000,60000,25000,No,1530.00,127.50,"https://www.ncdoi.gov/","https://autoinsure.online/state/north-carolina"
"North Dakota",ND,north-dakota,25000,50000,25000,Yes ($30,000),1580.00,131.67,"https://www.insurance.nd.gov/","https://autoinsure.online/state/north-dakota"
"Ohio",OH,ohio,25000,50000,25000,No,1450.00,120.83,"https://insurance.ohio.gov/","https://autoinsure.online/state/ohio"
"Oklahoma",OK,oklahoma,25000,50000,25000,No,2110.00,175.83,"https://www.oid.ok.gov/","https://autoinsure.online/state/oklahoma"
"Oregon",OR,oregon,25000,50000,20000,Yes ($15,000),1790.00,149.17,"https://dfr.oregon.gov/","https://autoinsure.online/state/oregon"
"Pennsylvania",PA,pennsylvania,15000,30000,5000,Yes ($5,000),1960.00,163.33,"https://www.insurance.pa.gov/","https://autoinsure.online/state/pennsylvania"
"Rhode Island",RI,rhode-island,25000,50000,25000,No,2240.00,186.67,"https://dbr.ri.gov/insurance/","https://autoinsure.online/state/rhode-island"
"South Carolina",SC,south-carolina,25000,50000,25000,No,2080.00,173.33,"https://doi.sc.gov/","https://autoinsure.online/state/south-carolina"
"South Dakota",SD,south-dakota,25000,50000,25000,No,1640.00,136.67,"https://dlr.sd.gov/insurance/","https://autoinsure.online/state/south-dakota"
"Tennessee",TN,tennessee,25000,50000,25000,No,1760.00,146.67,"https://www.tn.gov/commerce/insurance-division.html","https://autoinsure.online/state/tennessee"
"Texas",TX,texas,30000,60000,25000,No,2260.00,188.33,"https://www.tdi.texas.gov/","https://autoinsure.online/state/texas"
"Utah",UT,utah,25000,65000,15000,Yes ($3,000),1750.00,145.83,"https://insurance.utah.gov/","https://autoinsure.online/state/utah"
"Vermont",VT,vermont,25000,50000,10000,No,1290.00,107.50,"https://dfr.vermont.gov/","https://autoinsure.online/state/vermont"
"Virginia",VA,virginia,30000,60000,20000,No,1610.00,134.17,"https://scc.virginia.gov/pages/Bureau-of-Insurance","https://autoinsure.online/state/virginia"
"Washington",WA,washington,25000,50000,10000,No,1780.00,148.33,"https://www.insurance.wa.gov/","https://autoinsure.online/state/washington"
"West Virginia",WV,west-virginia,25000,50000,25000,No,1890.00,157.50,"https://www.officesoftheinsurancecommissioner.net/","https://autoinsure.online/state/west-virginia"
"Wisconsin",WI,wisconsin,25000,50000,10000,No,1480.00,123.33,"https://oci.wi.gov/","https://autoinsure.online/state/wisconsin"
"Wyoming",WY,wyoming,25000,50000,20000,No,1560.00,130.00,"https://doi.wyo.gov/","https://autoinsure.online/state/wyoming"