make,model,slug,vehicle_type,risk_tier,avg_annual_premium_usd,avg_monthly_premium_usd,nhtsa_safety_rating,repair_cost_tier,theft_risk_tier,actuarial_source_url
"Toyota","Camry",toyota-camry,Sedan,Low,1740.00,145.00,5,Low,Low,"https://autoinsure.online/vehicle/toyota-camry"
"Honda","Civic",honda-civic,Sedan,Moderate,1880.00,156.67,5,Low,Moderate,"https://autoinsure.online/vehicle/honda-civic"
"Ford","F-150",ford-f-150,Truck,Moderate,1920.00,160.00,5,Moderate,Moderate,"https://autoinsure.online/vehicle/ford-f-150"
"Tesla","Model 3",tesla-model-3,Electric,High,2480.00,206.67,5,High,Low,"https://autoinsure.online/vehicle/tesla-model-3"
"Chevrolet","Silverado 1500",chevrolet-silverado,Truck,Moderate,1960.00,163.33,4,Moderate,Moderate,"https://autoinsure.online/vehicle/chevrolet-silverado"
"Toyota","RAV4",toyota-rav4,SUV,Low,1620.00,135.00,5,Low,Low,"https://autoinsure.online/vehicle/toyota-rav4"
"Honda","CR-V",honda-cr-v,SUV,Low,1590.00,132.50,5,Low,Low,"https://autoinsure.online/vehicle/honda-cr-v"
"Ram","1500",ram-1500,Truck,High,2050.00,170.83,4,Moderate,High,"https://autoinsure.online/vehicle/ram-1500"
"Hyundai","Elantra",hyundai-elantra,Sedan,Moderate,1820.00,151.67,5,Low,Moderate,"https://autoinsure.online/vehicle/hyundai-elantra"
"Subaru","Outback",subaru-outback,SUV,Low,1540.00,128.33,5,Low,Low,"https://autoinsure.online/vehicle/subaru-outback"
"Tesla","Model Y",tesla-model-y,Electric,High,2540.00,211.67,5,High,Low,"https://autoinsure.online/vehicle/tesla-model-y"
"Toyota","Corolla",toyota-corolla,Sedan,Low,1680.00,140.00,5,Low,Moderate,"https://autoinsure.online/vehicle/toyota-corolla"
"Toyota","Tacoma",toyota-tacoma,Truck,Low,1720.00,143.33,5,Low,Moderate,"https://autoinsure.online/vehicle/toyota-tacoma"
"Nissan","Rogue",nissan-rogue,SUV,Low,1690.00,140.83,5,Low,Low,"https://autoinsure.online/vehicle/nissan-rogue"
"Honda","Accord",honda-accord,Sedan,Low,1780.00,148.33,5,Low,Moderate,"https://autoinsure.online/vehicle/honda-accord"
"GMC","Sierra 1500",gmc-sierra-1500,Truck,Moderate,1980.00,165.00,4,Moderate,Moderate,"https://autoinsure.online/vehicle/gmc-sierra-1500"
"Ford","Explorer",ford-explorer,SUV,Moderate,1760.00,146.67,5,Moderate,Moderate,"https://autoinsure.online/vehicle/ford-explorer"
"Ford","Mustang Mach-E",ford-mustang-mach-e,Electric,Moderate,2180.00,181.67,5,Moderate,Low,"https://autoinsure.online/vehicle/ford-mustang-mach-e"
"Hyundai","Ioniq 5",hyundai-ioniq-5,Electric,Moderate,1940.00,161.67,5,Moderate,Low,"https://autoinsure.online/vehicle/hyundai-ioniq-5"
"Jeep","Grand Cherokee",jeep-grand-cherokee,SUV,Moderate,1880.00,156.67,5,Moderate,Moderate,"https://autoinsure.online/vehicle/jeep-grand-cherokee"
"Subaru","Forester",subaru-forester,SUV,Low,1610.00,134.17,5,Low,Low,"https://autoinsure.online/vehicle/subaru-forester"
"Toyota","Highlander",toyota-highlander,SUV,Low,1680.00,140.00,5,Low,Low,"https://autoinsure.online/vehicle/toyota-highlander"
"Honda","Pilot",honda-pilot,SUV,Low,1710.00,142.50,5,Low,Low,"https://autoinsure.online/vehicle/honda-pilot"
"Kia","Telluride",kia-telluride,SUV,Moderate,1750.00,145.83,5,Moderate,Moderate,"https://autoinsure.online/vehicle/kia-telluride"
"Hyundai","Palisade",hyundai-palisade,SUV,Moderate,1740.00,145.00,5,Moderate,Moderate,"https://autoinsure.online/vehicle/hyundai-palisade"
"Chevrolet","Traverse",chevrolet-traverse,SUV,Moderate,1790.00,149.17,5,Moderate,Moderate,"https://autoinsure.online/vehicle/chevrolet-traverse"
"Chevrolet","Equinox",chevrolet-equinox,SUV,Low,1640.00,136.67,5,Low,Low,"https://autoinsure.online/vehicle/chevrolet-equinox"
"Hyundai","Tucson",hyundai-tucson,SUV,Low,1670.00,139.17,5,Low,Moderate,"https://autoinsure.online/vehicle/hyundai-tucson"
"Kia","Sportage",kia-sportage,SUV,Moderate,1720.00,143.33,5,Low,Moderate,"https://autoinsure.online/vehicle/kia-sportage"
"Mazda","CX-5",mazda-cx-5,SUV,Low,1630.00,135.83,5,Low,Low,"https://autoinsure.online/vehicle/mazda-cx-5"
"Subaru","Crosstrek",subaru-crosstrek,SUV,Low,1580.00,131.67,5,Low,Low,"https://autoinsure.online/vehicle/subaru-crosstrek"
"Ford","Escape",ford-escape,SUV,Low,1660.00,138.33,5,Low,Low,"https://autoinsure.online/vehicle/ford-escape"
"Volkswagen","Tiguan",volkswagen-tiguan,SUV,Moderate,1750.00,145.83,5,Moderate,Low,"https://autoinsure.online/vehicle/volkswagen-tiguan"
"Jeep","Cherokee",jeep-cherokee,SUV,Moderate,1820.00,151.67,4,Moderate,Moderate,"https://autoinsure.online/vehicle/jeep-cherokee"
"Hyundai","Santa Fe",hyundai-santa-fe,SUV,Low,1690.00,140.83,5,Low,Moderate,"https://autoinsure.online/vehicle/hyundai-santa-fe"
"Nissan","Altima",nissan-altima,Sedan,Moderate,1860.00,155.00,5,Low,Moderate,"https://autoinsure.online/vehicle/nissan-altima"
"Nissan","Sentra",nissan-sentra,Sedan,Moderate,1890.00,157.50,5,Low,Moderate,"https://autoinsure.online/vehicle/nissan-sentra"
"Kia","Forte",kia-forte,Sedan,Moderate,1870.00,155.83,5,Low,Moderate,"https://autoinsure.online/vehicle/kia-forte"
"Volkswagen","Jetta",volkswagen-jetta,Sedan,Moderate,1810.00,150.83,5,Moderate,Low,"https://autoinsure.online/vehicle/volkswagen-jetta"
"Chevrolet","Colorado",chevrolet-colorado,Truck,Moderate,1840.00,153.33,4,Moderate,Moderate,"https://autoinsure.online/vehicle/chevrolet-colorado"
"Ford","Ranger",ford-ranger,Truck,Moderate,1810.00,150.83,4,Moderate,Moderate,"https://autoinsure.online/vehicle/ford-ranger"
"Honda","Odyssey",honda-odyssey,SUV,Low,1520.00,126.67,5,Low,Low,"https://autoinsure.online/vehicle/honda-odyssey"
"Toyota","Sienna",toyota-sienna,SUV,Low,1530.00,127.50,5,Low,Low,"https://autoinsure.online/vehicle/toyota-sienna"
"Chrysler","Pacifica",chrysler-pacifica,SUV,Low,1560.00,130.00,5,Moderate,Low,"https://autoinsure.online/vehicle/chrysler-pacifica"
"Jeep","Wrangler",jeep-wrangler,SUV,Moderate,1840.00,153.33,4,Moderate,Moderate,"https://autoinsure.online/vehicle/jeep-wrangler"
"Dodge","Charger",dodge-charger,Sedan,High,2420.00,201.67,5,Moderate,High,"https://autoinsure.online/vehicle/dodge-charger"
"Ford","Mustang",ford-mustang,Sedan,High,2380.00,198.33,5,Moderate,Moderate,"https://autoinsure.online/vehicle/ford-mustang"
"Chevrolet","Corvette",chevrolet-corvette,Sedan,High,2650.00,220.83,5,High,Low,"https://autoinsure.online/vehicle/chevrolet-corvette"
"BMW","3 Series",bmw-3-series,Sedan,High,2390.00,199.17,5,High,Low,"https://autoinsure.online/vehicle/bmw-3-series"
"Mercedes-Benz","C-Class",mercedes-benz-c-class,Sedan,High,2450.00,204.17,5,High,Low,"https://autoinsure.online/vehicle/mercedes-benz-c-class"
"Lexus","RX 350",lexus-rx-350,SUV,Moderate,1820.00,151.67,5,Moderate,Low,"https://autoinsure.online/vehicle/lexus-rx-350"
"Tesla","Model X",tesla-model-x,Electric,High,2980.00,248.33,5,High,Low,"https://autoinsure.online/vehicle/tesla-model-x"